X [mm], Y [mm], Z [mm], Heading [degrees], Filename
4731.266864,8760.10664,0,-97.2911521396317,unwrapped_0_mask.png
4730.48858,8771.68632,0,-97.2911521396317,unwrapped_1_mask.png
4736.4717,8744.96004,0,-97.2911521396317,unwrapped_2_mask.png
4722.2627,8762.01792,0,-97.2911521396317,unwrapped_3_mask.png
4731.04433,8765.39696,0,-97.2911521396317,unwrapped_4_mask.png
4728.875644,8773.44584,0,-97.2911521396317,unwrapped_5_mask.png
4720.932722,8812.41316,0,-97.2911521396317,unwrapped_6_mask.png
4711.26964,8821.8206,0,-97.2911521396317,unwrapped_7_mask.png
4720.514278,8781.68036,0,-97.2911521396317,unwrapped_8_mask.png
4738.38842,8748.08736,0,-97.2911521396317,unwrapped_9_mask.png
4728.4923,8789.02812,0,-97.2911521396317,unwrapped_10_mask.png
4736.86066,8748.4578,0,-97.2911521396317,unwrapped_11_mask.png
4734.28484,8753.20604,0,-97.2911521396317,unwrapped_12_mask.png
4727.38782,8764.12716,0,-97.2911521396317,unwrapped_13_mask.png
4717.01096,8804.19152,0,-97.2911521396317,unwrapped_14_mask.png
4736.04062,8747.13452,0,-97.2911521396317,unwrapped_15_mask.png
4724.82422,8774.60644,0,-97.2911521396317,unwrapped_16_mask.png
4713.15854,8806.13164,0,-97.2911521396317,unwrapped_17_mask.png
4716.49642,8809.66244,0,-97.2911521396317,unwrapped_18_mask.png
4730.195404,8762.00168,0,-97.2911521396317,unwrapped_19_mask.png
4725.355296,8766.9028,0,-97.2911521396317,unwrapped_20_mask.png
4713.49706,8811.30072,0,-97.2911521396317,unwrapped_21_mask.png
4727.29656,8767.74504,0,-97.2911521396317,unwrapped_22_mask.png
4710.58558,8820.49564,0,-97.2911521396317,unwrapped_23_mask.png
4690.52905,8871.45732,0,-97.2911521396317,unwrapped_24_mask.png
4693.924,8856.31268,0,-97.2911521396317,unwrapped_25_mask.png
4714.61454,8799.3408,0,-97.2911521396317,unwrapped_26_mask.png
4727.517482,8765.61256,0,-97.2911521396317,unwrapped_27_mask.png
4725.0447,8764.9218,0,-97.2911521396317,unwrapped_28_mask.png
4721.02276,8783.84364,0,-97.2911521396317,unwrapped_29_mask.png
4717.859002,8809.12988,0,-97.2911521396317,unwrapped_30_mask.png
4731.626704,8766.55,0,-97.2911521396317,unwrapped_31_mask.png
4703.57546,8826.94264,0,-97.2911521396317,unwrapped_32_mask.png
4704.144418,8831.6136,0,-97.2911521396317,unwrapped_33_mask.png
4721.05344,8779.47984,0,-97.2911521396317,unwrapped_34_mask.png
4712.98343,8806.04624,0,-97.2911521396317,unwrapped_35_mask.png
4715.57446,8788.55296,0,-97.2911521396317,unwrapped_36_mask.png
4729.0656,8772.70076,0,-97.2911521396317,unwrapped_37_mask.png
4732.84496,8759.45172,0,-97.2911521396317,unwrapped_38_mask.png
4717.49651,8806.11176,0,-97.2911521396317,unwrapped_39_mask.png
4729.010636,8764.63956,0,-97.2911521396317,unwrapped_40_mask.png
4710.48574,8813.2568,0,-97.2911521396317,unwrapped_41_mask.png
4727.11768,8768.30168,0,-97.2911521396317,unwrapped_42_mask.png
4711.92146,8812.76904,0,-97.2911521396317,unwrapped_43_mask.png
4723.94893,8771.247,0,-97.2911521396317,unwrapped_44_mask.png
4720.951936,8776.80584,0,-97.2911521396317,unwrapped_45_mask.png
4694.777138,8843.94368,0,-97.2911521396317,unwrapped_46_mask.png
4723.521516,8773.92548,0,-97.2911521396317,unwrapped_47_mask.png
4716.84066,8788.85564,0,-97.2911521396317,unwrapped_48_mask.png
4724.19684,8783.54992,0,-97.2911521396317,unwrapped_49_mask.png
4715.13831,8790.37436,0,-97.2911521396317,unwrapped_50_mask.png
4719.82702,8783.23604,0,-97.2911521396317,unwrapped_51_mask.png
4720.59168,8784.03768,0,-97.2911521396317,unwrapped_52_mask.png
4733.58362,8758.40704,0,-97.2911521396317,unwrapped_53_mask.png
4734.019796,8736.30132,0,-97.2911521396317,unwrapped_54_mask.png
4724.61375,8772.90796,0,-97.2911521396317,unwrapped_55_mask.png
4728.76868,8776.6258,0,-97.2911521396317,unwrapped_56_mask.png
4719.68766,8789.16252,0,-97.2911521396317,unwrapped_57_mask.png
4710.88198,8820.28536,0,-97.2911521396317,unwrapped_58_mask.png
4710.36276,8802.71116,0,-97.2911521396317,unwrapped_59_mask.png
4729.789518,8768.27732,0,-97.2911521396317,unwrapped_60_mask.png
4735.3836,8765.83908,0,-97.2911521396317,unwrapped_61_mask.png
4734.161444,8759.40104,0,-97.2911521396317,unwrapped_62_mask.png
4722.75722,8774.67616,0,-97.2911521396317,unwrapped_63_mask.png
4736.53358,8754.61108,0,-97.2911521396317,unwrapped_64_mask.png
4738.60292,8725.05708,0,-97.2911521396317,unwrapped_65_mask.png
4725.132138,8766.5752,0,-97.2911521396317,unwrapped_66_mask.png
4750.91639,8705.71524,0,-97.2911521396317,unwrapped_67_mask.png
4723.33156,8764.93524,0,-97.2911521396317,unwrapped_68_mask.png
4728.33084,8768.811,0,-97.2911521396317,unwrapped_69_mask.png
4720.815384,8780.73564,0,-97.2911521396317,unwrapped_70_mask.png
4729.633622,8760.1744,0,-97.2911521396317,unwrapped_71_mask.png
4733.92448,8751.43784,0,-97.2911521396317,unwrapped_72_mask.png
4723.223816,8792.058,0,-97.2911521396317,unwrapped_73_mask.png
4714.9593,8801.92968,0,-97.2911521396317,unwrapped_74_mask.png
4723.19779,8779.38744,0,-97.2911521396317,unwrapped_75_mask.png
4719.38762,8783.24276,0,-97.2911521396317,unwrapped_76_mask.png
4742.266944,8736.7328,0,-97.2911521396317,unwrapped_77_mask.png
4733.449018,8756.84716,0,-97.2911521396317,unwrapped_78_mask.png
4738.8858,8729.61968,0,-97.2911521396317,unwrapped_79_mask.png
4743.212902,8729.49592,0,-97.2911521396317,unwrapped_80_mask.png
4715.19798,8782.8264,0,-97.2911521396317,unwrapped_81_mask.png
4714.189882,8802.09768,0,-97.2911521396317,unwrapped_82_mask.png
4719.72016,8792.1938,0,-97.2911521396317,unwrapped_83_mask.png
4723.35236,8771.12016,0,-97.2911521396317,unwrapped_84_mask.png
4722.408976,8783.81368,0,-97.2911521396317,unwrapped_85_mask.png
4728.79546,8755.53368,0,-97.2911521396317,unwrapped_86_mask.png
4735.83834,8763.12252,0,-97.2911521396317,unwrapped_87_mask.png
4747.8233,8723.68788,0,-97.2911521396317,unwrapped_88_mask.png
4726.108776,8773.47608,0,-97.2911521396317,unwrapped_89_mask.png
4727.51236,8774.03664,0,-97.2911521396317,unwrapped_90_mask.png
4733.6273,8761.1852,0,-97.2911521396317,unwrapped_91_mask.png
4734.84618,8757.84312,0,-97.2911521396317,unwrapped_92_mask.png
4729.02556,8769.1246,0,-97.2911521396317,unwrapped_93_mask.png
4758.0166,8706.609,0,-97.2911521396317,unwrapped_94_mask.png
4738.35917,8757.37132,0,-97.2911521396317,unwrapped_95_mask.png
4731.598364,8774.34828,0,-97.2911521396317,unwrapped_96_mask.png
4716.39424,8799.02944,0,-97.2911521396317,unwrapped_97_mask.png
4717.750036,8786.60388,0,-97.2911521396317,unwrapped_98_mask.png
4724.361784,8784.78024,0,-97.2911521396317,unwrapped_99_mask.png
4727.13042,8774.24916,0,-97.2911521396317,unwrapped_100_mask.png
4743.336558,8726.95044,0,-97.2911521396317,unwrapped_101_mask.png
4742.509784,8732.81728,0,-97.2911521396317,unwrapped_102_mask.png
4731.88738,8765.07776,0,-97.2911521396317,unwrapped_103_mask.png
4734.82824,8759.71604,0,-97.2911521396317,unwrapped_104_mask.png
4731.05772,8762.63084,0,-97.2911521396317,unwrapped_105_mask.png
4732.9513,8748.93716,0,-97.2911521396317,unwrapped_106_mask.png
4720.33324,8793.2956,0,-97.2911521396317,unwrapped_107_mask.png
4711.43968,8803.79588,0,-97.2911521396317,unwrapped_108_mask.png
4731.283296,8770.76176,0,-97.2911521396317,unwrapped_109_mask.png
4729.05598,8785.14648,0,-97.2911521396317,unwrapped_110_mask.png
4732.64008,8768.3742,0,-97.2911521396317,unwrapped_111_mask.png
4736.690724,8766.63932,0,-97.2911521396317,unwrapped_112_mask.png
4737.228638,8761.84992,0,-97.2911521396317,unwrapped_113_mask.png
4739.88264,8755.96712,0,-97.2911521396317,unwrapped_114_mask.png
4748.022304,8745.54804,0,-97.2911521396317,unwrapped_115_mask.png
4736.02502,8760.47484,0,-97.2911521396317,unwrapped_116_mask.png
4749.25668,8729.8406,0,-97.2911521396317,unwrapped_117_mask.png
4727.30878,8772.77244,0,-97.2911521396317,unwrapped_118_mask.png
4744.53196,8751.80716,0,-97.2911521396317,unwrapped_119_mask.png
4741.78636,8739.90604,0,-97.2911521396317,unwrapped_120_mask.png
4738.84108,8744.06012,0,-97.2911521396317,unwrapped_121_mask.png
4744.658944,8736.65384,0,-97.2911521396317,unwrapped_122_mask.png
4703.28764,8823.63948,0,-97.2911521396317,unwrapped_123_mask.png
4698.261996,8831.46016,0,-97.2911521396317,unwrapped_124_mask.png
4734.7193,8746.75344,0,-97.2911521396317,unwrapped_125_mask.png
4704.467,8811.29428,0,-97.2911521396317,unwrapped_126_mask.png
4684.3963,8835.25696,0,-97.2911521396317,unwrapped_127_mask.png
4726.7529,8732.67168,0,-97.2911521396317,unwrapped_128_mask.png
4719.51164,8731.55756,0,-97.2911521396317,unwrapped_129_mask.png
4720.546518,8730.84692,0,-97.2911521396317,unwrapped_130_mask.png
4723.5627,8735.24572,0,-97.2911521396317,unwrapped_131_mask.png
4714.94955,8735.23116,0,-97.2911521396317,unwrapped_132_mask.png
4715.142496,8728.30648,0,-97.2911521396317,unwrapped_133_mask.png
4725.48423,8695.59324,0,-97.2911521396317,unwrapped_134_mask.png
4728.797384,8688.10856,0,-97.2911521396317,unwrapped_135_mask.png
4725.630064,8687.32568,0,-97.2911521396317,unwrapped_136_mask.png
4720.30074,8688.54368,0,-97.2911521396317,unwrapped_137_mask.png
4709.0989,8696.98176,0,-97.2911521396317,unwrapped_138_mask.png
4715.74762,8678.88116,0,-97.2911521396317,unwrapped_139_mask.png
4714.13094,8694.58916,0,-97.2911521396317,unwrapped_140_mask.png
4701.94188,8685.0658,0,-97.2911521396317,unwrapped_141_mask.png
4726.64344,8634.07808,0,-97.2911521396317,unwrapped_142_mask.png
4706.46354,8665.4644,0,-97.2911521396317,unwrapped_143_mask.png
4704.759682,8663.74156,0,-97.2911521396317,unwrapped_144_mask.png
4704.321244,8662.19344,0,-97.2911521396317,unwrapped_145_mask.png
4728.99982,8600.46044,0,-97.2911521396317,unwrapped_146_mask.png
4694.22534,8669.90828,0,-97.2911521396317,unwrapped_147_mask.png
4715.589124,8616.83568,0,-97.2911521396317,unwrapped_148_mask.png
4715.238098,8613.78648,0,-97.2911521396317,unwrapped_149_mask.png
4714.38912,8586.93756,0,-97.2911521396317,unwrapped_150_mask.png
4716.46548,8588.55204,0,-97.2911521396317,unwrapped_151_mask.png
4715.17055,8584.99492,0,-97.2911521396317,unwrapped_152_mask.png
4705.779064,8596.31252,0,-97.2911521396317,unwrapped_153_mask.png
4706.01036,8591.32152,0,-97.2911521396317,unwrapped_154_mask.png
4711.729996,8562.02092,0,-97.2911521396317,unwrapped_155_mask.png
4693.0426,8608.63728,0,-97.2911521396317,unwrapped_156_mask.png
4683.33784,8613.66272,0,-97.2911521396317,unwrapped_157_mask.png
4682.1135,8606.10804,0,-97.2911521396317,unwrapped_158_mask.png
4676.498644,8615.75432,0,-97.2911521396317,unwrapped_159_mask.png
4673.46642,8624.8224,0,-97.2911521396317,unwrapped_160_mask.png
4695.281122,8568.08292,0,-97.2911521396317,unwrapped_161_mask.png
4697.361304,8540.73056,0,-97.2911521396317,unwrapped_162_mask.png
4688.21752,8569.7604,0,-97.2911521396317,unwrapped_163_mask.png
4693.068418,8545.55076,0,-97.2911521396317,unwrapped_164_mask.png
4700.170318,8536.06044,0,-97.2911521396317,unwrapped_165_mask.png
4699.14454,8532.59684,0,-97.2911521396317,unwrapped_166_mask.png
4696.39413,8535.28932,0,-97.2911521396317,unwrapped_167_mask.png
4696.41558,8526.44552,0,-97.2911521396317,unwrapped_168_mask.png
4678.63392,8552.87668,0,-97.2911521396317,unwrapped_169_mask.png
4679.84656,8540.58608,0,-97.2911521396317,unwrapped_170_mask.png
4695.04564,8496.88564,0,-97.2911521396317,unwrapped_171_mask.png
4669.841682,8547.94392,0,-97.2911521396317,unwrapped_172_mask.png
4702.337444,8475.92428,0,-97.2911521396317,unwrapped_173_mask.png
4712.92116,8438.86992,0,-97.2911521396317,unwrapped_174_mask.png
4687.05792,8490.73964,0,-97.2911521396317,unwrapped_175_mask.png
4694.92734,8472.1328,0,-97.2911521396317,unwrapped_176_mask.png
4691.16956,8474.4134,0,-97.2911521396317,unwrapped_177_mask.png
4680.42532,8482.96292,0,-97.2911521396317,unwrapped_178_mask.png
4685.390956,8472.74516,0,-97.2911521396317,unwrapped_179_mask.png
4686.21682,8473.61876,0,-97.2911521396317,unwrapped_180_mask.png
4687.27138,8449.62892,0,-97.2911521396317,unwrapped_181_mask.png
4691.128324,8440.8596,0,-97.2911521396317,unwrapped_182_mask.png
4689.848864,8438.57704,0,-97.2911521396317,unwrapped_183_mask.png
4678.30996,8456.17672,0,-97.2911521396317,unwrapped_184_mask.png
4678.210796,8446.86616,0,-97.2911521396317,unwrapped_185_mask.png
4684.09054,8421.43292,0,-97.2911521396317,unwrapped_186_mask.png
4672.772038,8446.25492,0,-97.2911521396317,unwrapped_187_mask.png
4680.5574,8418.3196,0,-97.2911521396317,unwrapped_188_mask.png
4666.26494,8435.14788,0,-97.2911521396317,unwrapped_189_mask.png
4643.3514,8484.94588,0,-97.2911521396317,unwrapped_190_mask.png
4682.577444,8394.08616,0,-97.2911521396317,unwrapped_191_mask.png
4669.36986,8424.79264,0,-97.2911521396317,unwrapped_192_mask.png
4643.1746,8455.15248,0,-97.2911521396317,unwrapped_193_mask.png
4654.73706,8422.73968,0,-97.2911521396317,unwrapped_194_mask.png
4649.8774,8426.51296,0,-97.2911521396317,unwrapped_195_mask.png
4661.60522,8404.69004,0,-97.2911521396317,unwrapped_196_mask.png
4671.27774,8371.28828,0,-97.2911521396317,unwrapped_197_mask.png
4666.049504,8370.09828,0,-97.2911521396317,unwrapped_198_mask.png
4641.172002,8431.07864,0,-97.2911521396317,unwrapped_199_mask.png
4660.29118,8386.90584,0,-97.2911521396317,unwrapped_200_mask.png
4660.17366,8368.25476,0,-97.2911521396317,unwrapped_201_mask.png
4681.15644,8315.939,0,-97.2911521396317,unwrapped_202_mask.png
4660.592156,8368.13436,0,-97.2911521396317,unwrapped_203_mask.png
4656.221478,8349.3346,0,-97.2911521396317,unwrapped_204_mask.png
4674.12266,8318.06224,0,-97.2911521396317,unwrapped_205_mask.png
4667.69676,8317.83712,0,-97.2911521396317,unwrapped_206_mask.png
4656.0004,8336.28296,0,-97.2911521396317,unwrapped_207_mask.png
4676.652538,8281.66672,0,-97.2911521396317,unwrapped_208_mask.png
4679.37024,8277.73104,0,-97.2911521396317,unwrapped_209_mask.png
4653.555178,8311.57828,0,-97.2911521396317,unwrapped_210_mask.png
4650.09658,8310.668,0,-97.2911521396317,unwrapped_211_mask.png
4660.52596,8290.0726,0,-97.2911521396317,unwrapped_212_mask.png
4650.381982,8313.32996,0,-97.2911521396317,unwrapped_213_mask.png
4667.82455,8262.7698,0,-97.2911521396317,unwrapped_214_mask.png
4669.951844,8262.90364,0,-97.2911521396317,unwrapped_215_mask.png
4638.5024,8322.40504,0,-97.2911521396317,unwrapped_216_mask.png
4660.47578,8268.6932,0,-97.2911521396317,unwrapped_217_mask.png
4651.618958,8277.27324,0,-97.2911521396317,unwrapped_218_mask.png
4656.8298,8247.21048,0,-97.2911521396317,unwrapped_219_mask.png
4629.08546,8298.67028,0,-97.2911521396317,unwrapped_220_mask.png
4638.12306,8273.42408,0,-97.2911521396317,unwrapped_221_mask.png
4650.945298,8258.3598,0,-97.2911521396317,unwrapped_222_mask.png
4669.97098,8205.2256,0,-97.2911521396317,unwrapped_223_mask.png
4658.02723,8232.12996,0,-97.2911521396317,unwrapped_224_mask.png
4663.91688,8194.12248,0,-97.2911521396317,unwrapped_225_mask.png
4671.720078,8160.819,0,-97.2911521396317,unwrapped_226_mask.png
4660.32329,8195.50036,0,-97.2911521396317,unwrapped_227_mask.png
4667.34602,8176.905,0,-97.2911521396317,unwrapped_228_mask.png
4674.530496,8167.0896,0,-97.2911521396317,unwrapped_229_mask.png
4659.79016,8172.3564,0,-97.2911521396317,unwrapped_230_mask.png
4653.316524,8177.33368,0,-97.2911521396317,unwrapped_231_mask.png
4675.933924,8133.19588,0,-97.2911521396317,unwrapped_232_mask.png
4658.415878,8168.01108,0,-97.2911521396317,unwrapped_233_mask.png
4671.12655,8128.12088,0,-97.2911521396317,unwrapped_234_mask.png
4671.42906,8124.41144,0,-97.2911521396317,unwrapped_235_mask.png
4668.61794,8098.79284,0,-97.2911521396317,unwrapped_236_mask.png
4648.953438,8135.00888,0,-97.2911521396317,unwrapped_237_mask.png
4664.53022,8100.402,0,-97.2911521396317,unwrapped_238_mask.png
4675.76716,8070.88216,0,-97.2911521396317,unwrapped_239_mask.png
4655.070822,8100.9662,0,-97.2911521396317,unwrapped_240_mask.png
4643.146182,8119.8928,0,-97.2911521396317,unwrapped_241_mask.png
4639.14681,8151.46364,0,-97.2911521396317,unwrapped_242_mask.png
4648.190676,8116.64088,0,-97.2911521396317,unwrapped_243_mask.png
4662.229896,8074.46924,0,-97.2911521396317,unwrapped_244_mask.png
4634.16612,8125.1064,0,-97.2911521396317,unwrapped_245_mask.png
4648.88433,8092.39484,0,-97.2911521396317,unwrapped_246_mask.png
4634.4165,8128.74696,0,-97.2911521396317,unwrapped_247_mask.png
4636.281844,8100.584,0,-97.2911521396317,unwrapped_248_mask.png
4640.37102,8089.6822,0,-97.2911521396317,unwrapped_249_mask.png
4654.76488,8057.31812,0,-97.2911521396317,unwrapped_250_mask.png
4644.57912,8060.1772,0,-97.2911521396317,unwrapped_251_mask.png
4641.638624,8076.9898,0,-97.2911521396317,unwrapped_252_mask.png
4637.55054,8069.32676,0,-97.2911521396317,unwrapped_253_mask.png
4636.94006,8068.482,0,-97.2911521396317,unwrapped_254_mask.png
4638.15049,8063.72424,0,-97.2911521396317,unwrapped_255_mask.png
4640.59969,8059.564,0,-97.2911521396317,unwrapped_256_mask.png
4646.8081,8032.2122,0,-97.2911521396317,unwrapped_257_mask.png
4635.86054,8042.4476,0,-97.2911521396317,unwrapped_258_mask.png
4620.44059,8067.30684,0,-97.2911521396317,unwrapped_259_mask.png
4630.94706,8047.06564,0,-97.2911521396317,unwrapped_260_mask.png
4640.71318,8023.36896,0,-97.2911521396317,unwrapped_261_mask.png
4639.23235,8005.07068,0,-97.2911521396317,unwrapped_262_mask.png
4631.84744,8008.3324,0,-97.2911521396317,unwrapped_263_mask.png
4641.716416,7992.00784,0,-97.2911521396317,unwrapped_264_mask.png
4650.983284,7968.33412,0,-97.2911521396317,unwrapped_265_mask.png
4622.786882,8016.4678,0,-97.2911521396317,unwrapped_266_mask.png
4638.510356,7977.06424,0,-97.2911521396317,unwrapped_267_mask.png
4633.7457,7979.99724,0,-97.2911521396317,unwrapped_268_mask.png
4632.777616,7978.06076,0,-97.2911521396317,unwrapped_269_mask.png
4646.153576,7932.60752,0,-97.2911521396317,unwrapped_270_mask.png
4649.964344,7924.99488,0,-97.2911521396317,unwrapped_271_mask.png
4639.65004,7932.4552,0,-97.2911521396317,unwrapped_272_mask.png
4615.87772,7986.43444,0,-97.2911521396317,unwrapped_273_mask.png
4657.0404,7894.8918,0,-97.2911521396317,unwrapped_274_mask.png
4645.96232,7899.05848,0,-97.2911521396317,unwrapped_275_mask.png
4622.70987,7959.64852,0,-97.2911521396317,unwrapped_276_mask.png
4614.393276,7971.0434,0,-97.2911521396317,unwrapped_277_mask.png
4624.742004,7937.43892,0,-97.2911521396317,unwrapped_278_mask.png
4607.99322,7961.6242,0,-97.2911521396317,unwrapped_279_mask.png
4641.83586,7883.11864,0,-97.2911521396317,unwrapped_280_mask.png
4638.7143,7899.44824,0,-97.2911521396317,unwrapped_281_mask.png
4631.814004,7891.64212,0,-97.2911521396317,unwrapped_282_mask.png
4641.81792,7879.2006,0,-97.2911521396317,unwrapped_283_mask.png
4627.745524,7901.07364,0,-97.2911521396317,unwrapped_284_mask.png
4628.891838,7887.93576,0,-97.2911521396317,unwrapped_285_mask.png
4619.13786,7906.36312,0,-97.2911521396317,unwrapped_286_mask.png
4608.540598,7915.99988,0,-97.2911521396317,unwrapped_287_mask.png
4616.9614,7882.74092,0,-97.2911521396317,unwrapped_288_mask.png
4638.041238,7849.58528,0,-97.2911521396317,unwrapped_289_mask.png
4633.23064,7856.8692,0,-97.2911521396317,unwrapped_290_mask.png
4611.98331,7883.39556,0,-97.2911521396317,unwrapped_291_mask.png
4640.49192,7826.3408,0,-97.2911521396317,unwrapped_292_mask.png
4629.654002,7833.89884,0,-97.2911521396317,unwrapped_293_mask.png
4627.17043,7837.6528,0,-97.2911521396317,unwrapped_294_mask.png
4620.70202,7840.36768,0,-97.2911521396317,unwrapped_295_mask.png
4625.22056,7834.2746,0,-97.2911521396317,unwrapped_296_mask.png
4618.37359,7838.01148,0,-97.2911521396317,unwrapped_297_mask.png
4631.82404,7805.135,0,-97.2911521396317,unwrapped_298_mask.png
4633.737978,7799.72932,0,-97.2911521396317,unwrapped_299_mask.png
4626.022998,7802.1964,0,-97.2911521396317,unwrapped_300_mask.png
4622.48224,7812.4444,0,-97.2911521396317,unwrapped_301_mask.png
4615.04182,7826.51132,0,-97.2911521396317,unwrapped_302_mask.png
4623.159904,7789.17836,0,-97.2911521396317,unwrapped_303_mask.png
4621.60968,7781.49376,0,-97.2911521396317,unwrapped_304_mask.png
4620.40536,7787.83408,0,-97.2911521396317,unwrapped_305_mask.png
4625.368084,7785.99952,0,-97.2911521396317,unwrapped_306_mask.png
4641.712542,7731.49276,0,-97.2911521396317,unwrapped_307_mask.png
4638.37994,7731.42752,0,-97.2911521396317,unwrapped_308_mask.png
4627.129038,7745.99032,0,-97.2911521396317,unwrapped_309_mask.png
4627.29042,7746.24736,0,-97.2911521396317,unwrapped_310_mask.png
4651.703744,7701.26368,0,-97.2911521396317,unwrapped_311_mask.png
4623.854936,7751.39824,0,-97.2911521396317,unwrapped_312_mask.png
4616.463864,7760.11968,0,-97.2911521396317,unwrapped_313_mask.png
4647.32784,7701.18892,0,-97.2911521396317,unwrapped_314_mask.png
4632.07442,7725.41676,0,-97.2911521396317,unwrapped_315_mask.png
4611.72006,7746.27172,0,-97.2911521396317,unwrapped_316_mask.png
4602.768,7755.78556,0,-71.8759719396926,unwrapped_317_mask.png
4615.60641,7713.24684,0,-71.8759719396926,unwrapped_318_mask.png
4633.606262,7683.04828,0,-71.8759719396926,unwrapped_319_mask.png
4614.19539,7710.17916,0,-71.8759719396926,unwrapped_320_mask.png
4626.82515,7691.13356,0,-71.8759719396926,unwrapped_321_mask.png
4632.68438,7668.86516,0,-71.8759719396926,unwrapped_322_mask.png
4616.27162,7686.19548,0,-71.8759719396926,unwrapped_323_mask.png
4616.83192,7682.74784,0,-71.8759719396926,unwrapped_324_mask.png
4631.18782,7664.32244,0,-71.8759719396926,unwrapped_325_mask.png
4644.891796,7608.0066,0,-71.8759719396926,unwrapped_326_mask.png
4625.36421,7643.21072,0,-71.8759719396926,unwrapped_327_mask.png
4622.92008,7646.84008,0,-71.8759719396926,unwrapped_328_mask.png
4637.50023,7625.48896,0,-71.8759719396926,unwrapped_329_mask.png
4630.237,7634.0228,0,-71.8759719396926,unwrapped_330_mask.png
4615.098396,7644.86384,0,-71.8759719396926,unwrapped_331_mask.png
4623.073584,7621.76944,0,-71.8759719396926,unwrapped_332_mask.png
4624.7822,7620.52848,0,-71.8759719396926,unwrapped_333_mask.png
4670.021602,7539.651488,0,-71.8759719396926,unwrapped_334_mask.png
4659.702618,7556.82932,0,-71.8759719396926,unwrapped_335_mask.png
4661.56323,7553.03714,0,-71.8759719396926,unwrapped_336_mask.png
4681.2737,7496.199072,0,-71.8759719396926,unwrapped_337_mask.png
4650.269636,7544.743232,0,-71.8759719396926,unwrapped_338_mask.png
4657.18743,7520.12034,0,-71.8759719396926,unwrapped_339_mask.png
4653.416962,7517.88314,0,-71.8759719396926,unwrapped_340_mask.png
4678.76808,7471.00064,0,-71.8759719396926,unwrapped_341_mask.png
4668.13954,7471.79052,0,-71.8759719396926,unwrapped_342_mask.png
4676.34644,7466.2538,0,-71.8759719396926,unwrapped_343_mask.png
4672.440096,7452.37028,0,-71.8759719396926,unwrapped_344_mask.png
4673.077798,7448.7517,0,-71.8759719396926,unwrapped_345_mask.png
4676.812464,7438.36104,0,-71.8759719396926,unwrapped_346_mask.png
4710.37316,7371.5592,0,-71.8759719396926,unwrapped_347_mask.png
4737.492096,7330.684912,0,-71.8759719396926,unwrapped_348_mask.png
4732.937936,7336.758168,0,-71.8759719396926,unwrapped_349_mask.png
4738.46083,7325.299952,0,-71.8759719396926,unwrapped_350_mask.png
4752.0834,7299.602448,0,-112.816252133749,unwrapped_351_mask.png
4737.0905,7317.647076,0,-112.816252133749,unwrapped_352_mask.png
4716.42076,7347.201832,0,-112.816252133749,unwrapped_353_mask.png
4718.74906,7329.5102,0,-112.816252133749,unwrapped_354_mask.png
4708.405376,7356.93648,0,-112.816252133749,unwrapped_355_mask.png
4685.80147,7387.36072,0,-112.816252133749,unwrapped_356_mask.png
4698.858956,7362.11522,0,-112.816252133749,unwrapped_357_mask.png
4704.754716,7350.57432,0,-112.816252133749,unwrapped_358_mask.png
4711.77456,7312.217204,0,-112.816252133749,unwrapped_359_mask.png
4715.03574,7320.268632,0,-112.816252133749,unwrapped_360_mask.png
4734.42004,7260.486392,0,-112.816252133749,unwrapped_361_mask.png
4727.19373,7286.421392,0,-112.816252133749,unwrapped_362_mask.png
4707.900638,7315.51104,0,-112.816252133749,unwrapped_363_mask.png
4714.935302,7307.23256,0,-112.816252133749,unwrapped_364_mask.png
4732.68818,7260.2788,0,-112.816252133749,unwrapped_365_mask.png
4720.35001,7287.37202,0,-112.816252133749,unwrapped_366_mask.png
4742.024,7225.3642,0,-112.816252133749,unwrapped_367_mask.png
4744.70876,7223.73964,0,-112.816252133749,unwrapped_368_mask.png
4718.132522,7264.07084,0,-112.816252133749,unwrapped_369_mask.png
4727.435036,7245.398928,0,-112.816252133749,unwrapped_370_mask.png
4740.30189,7208.6734,0,-112.816252133749,unwrapped_371_mask.png
4718.7215,7252.42816,0,-112.816252133749,unwrapped_372_mask.png
4728.225696,7225.35748,0,-112.816252133749,unwrapped_373_mask.png
4732.764516,7214.77222,0,-112.816252133749,unwrapped_374_mask.png
4731.48399,7205.67908,0,-112.816252133749,unwrapped_375_mask.png
4744.540384,7168.116604,0,-112.816252133749,unwrapped_376_mask.png
4738.70939,7180.21812,0,-112.816252133749,unwrapped_377_mask.png
4721.22686,7205.5437,0,-112.816252133749,unwrapped_378_mask.png
4697.14852,7243.610008,0,-112.816252133749,unwrapped_379_mask.png
4701.437064,7225.1682,0,-112.816252133749,unwrapped_380_mask.png
4718.11258,7188.61784,0,-112.816252133749,unwrapped_381_mask.png
4699.23229,7210.55934,0,-112.816252133749,unwrapped_382_mask.png
4703.19586,7205.304048,0,-112.816252133749,unwrapped_383_mask.png
4715.241504,7181.07702,0,-112.816252133749,unwrapped_384_mask.png
4701.500764,7202.16816,0,-112.816252133749,unwrapped_385_mask.png
4690.09017,7220.91276,0,-112.816252133749,unwrapped_386_mask.png
4701.55253,7191.25516,0,-112.816252133749,unwrapped_387_mask.png
4692.29107,7187.562156,0,-112.816252133749,unwrapped_388_mask.png
4689.604022,7195.13526,0,-112.816252133749,unwrapped_389_mask.png
4698.4961,7182.245768,0,-112.816252133749,unwrapped_390_mask.png
4702.94106,7154.71992,0,-112.816252133749,unwrapped_391_mask.png
4690.96728,7178.416432,0,-112.816252133749,unwrapped_392_mask.png
4691.066496,7157.23488,0,-112.816252133749,unwrapped_393_mask.png
4681.964364,7170.69588,0,-112.816252133749,unwrapped_394_mask.png
4686.800884,7167.5113,0,-112.816252133749,unwrapped_395_mask.png
4687.85196,7145.455,0,-112.816252133749,unwrapped_396_mask.png
4676.19694,7171.113192,0,-112.816252133749,unwrapped_397_mask.png
4679.99424,7154.64936,0,-112.816252133749,unwrapped_398_mask.png
4677.131562,7156.2784,0,-112.816252133749,unwrapped_399_mask.png
4693.72016,7111.14184,0,-112.816252133749,unwrapped_400_mask.png
4660.12348,7170.63456,0,-112.816252133749,unwrapped_401_mask.png
4666.965224,7144.1985,0,-112.816252133749,unwrapped_402_mask.png
4664.47198,7140.202088,0,-112.816252133749,unwrapped_403_mask.png
4663.390796,7129.840716,0,-112.816252133749,unwrapped_404_mask.png
4651.44494,7154.43432,0,-112.816252133749,unwrapped_405_mask.png
4668.481336,7120.528756,0,-112.816252133749,unwrapped_406_mask.png
4658.329558,7131.499968,0,-112.816252133749,unwrapped_407_mask.png
4658.851976,7124.5474,0,-112.816252133749,unwrapped_408_mask.png
4670.94468,7096.468272,0,-112.816252133749,unwrapped_409_mask.png
4650.59305,7133.72552,0,-112.816252133749,unwrapped_410_mask.png
4664.903944,7099.320996,0,-112.816252133749,unwrapped_411_mask.png
4648.709844,7125.96084,0,-112.816252133749,unwrapped_412_mask.png
4655.11575,7125.185072,0,-112.816252133749,unwrapped_413_mask.png
4658.80333,7095.46296,0,-112.816252133749,unwrapped_414_mask.png
4663.199098,7086.14372,0,-112.816252133749,unwrapped_415_mask.png
4661.370596,7083.98072,0,-112.816252133749,unwrapped_416_mask.png
4643.548636,7108.075,0,-112.816252133749,unwrapped_417_mask.png
4649.092616,7083.99304,0,-112.816252133749,unwrapped_418_mask.png
4650.1283,7088.08174,0,-112.816252133749,unwrapped_419_mask.png
4635.06806,7108.98892,0,-112.816252133749,unwrapped_420_mask.png
4625.34237,7117.81368,0,-112.816252133749,unwrapped_421_mask.png
4640.096018,7076.748712,0,-112.816252133749,unwrapped_422_mask.png
4643.47425,7073.46028,0,-112.816252133749,unwrapped_423_mask.png
4636.798984,7080.11784,0,-112.816252133749,unwrapped_424_mask.png
4627.10218,7085.123568,0,-112.816252133749,unwrapped_425_mask.png
4644.11762,7049.14172,0,-112.816252133749,unwrapped_426_mask.png
4643.353064,7052.16488,0,-112.816252133749,unwrapped_427_mask.png
4635.81478,7060.317248,0,-112.816252133749,unwrapped_428_mask.png
4646.73712,7027.436484,0,-112.816252133749,unwrapped_429_mask.png
4652.50782,7002.611488,0,-112.816252133749,unwrapped_430_mask.png
4650.08566,7012.54544,0,-112.816252133749,unwrapped_431_mask.png
4638.90124,7018.49824,0,-112.816252133749,unwrapped_432_mask.png
4644.8516,6999.22248,0,-112.816252133749,unwrapped_433_mask.png
4650.96472,6989.93292,0,-112.816252133749,unwrapped_434_mask.png
4650.777936,6990.673128,0,-112.816252133749,unwrapped_435_mask.png
4621.958236,7039.382684,0,-112.816252133749,unwrapped_436_mask.png
4638.6506,7005.63224,0,-112.816252133749,unwrapped_437_mask.png
4643.730584,6981.10788,0,-112.816252133749,unwrapped_438_mask.png
4643.94615,6974.22324,0,-112.816252133749,unwrapped_439_mask.png
4643.40626,6966.04808,0,-112.816252133749,unwrapped_440_mask.png
4665.233884,6925.92492,0,-112.816252133749,unwrapped_441_mask.png
4657.94494,6925.64394,0,-112.816252133749,unwrapped_442_mask.png
4649.719164,6935.69272,0,-112.816252133749,unwrapped_443_mask.png
4634.603336,6951.36572,0,-112.816252133749,unwrapped_444_mask.png
4651.40932,6916.61436,0,-112.816252133749,unwrapped_445_mask.png
4653.606164,6915.116164,0,-112.816252133749,unwrapped_446_mask.png
4654.307124,6910.78336,0,-112.816252133749,unwrapped_447_mask.png
4665.17502,6898.177368,0,-112.816252133749,unwrapped_448_mask.png
4672.92042,6887.584996,0,-112.816252133749,unwrapped_449_mask.png
4659.77196,6899.52344,0,-112.816252133749,unwrapped_450_mask.png
4653.98215,6904.9175,0,-112.816252133749,unwrapped_451_mask.png
4648.48952,6914.53928,0,-112.816252133749,unwrapped_452_mask.png
4664.89279,6881.75184,0,-112.816252133749,unwrapped_453_mask.png
4654.35824,6891.470276,0,-112.816252133749,unwrapped_454_mask.png
4656.798444,6883.037992,0,-112.816252133749,unwrapped_455_mask.png
4657.3368,6884.36662,0,-112.816252133749,unwrapped_456_mask.png
4648.293116,6891.889324,0,-112.816252133749,unwrapped_457_mask.png
4641.346956,6900.92568,0,-112.816252133749,unwrapped_458_mask.png
4608.66766,6958.7006,0,-76.6745055523593,unwrapped_459_mask.png
4654.5717,6866.709512,0,-76.6745055523593,unwrapped_460_mask.png
4641.948856,6887.43388,0,-76.6745055523593,unwrapped_461_mask.png
4642.231216,6877.726112,0,-76.6745055523593,unwrapped_462_mask.png
4641.18716,6874.80504,0,-76.6745055523593,unwrapped_463_mask.png
4630.529916,6887.31936,0,-76.6745055523593,unwrapped_464_mask.png
4655.28267,6847.424036,0,-76.6745055523593,unwrapped_465_mask.png
4659.881758,6832.7622,0,-76.6745055523593,unwrapped_466_mask.png
4647.225036,6849.166728,0,-76.6745055523593,unwrapped_467_mask.png
4634.07512,6878.5996,0,-76.6745055523593,unwrapped_468_mask.png
4662.855222,6805.56328,0,-76.6745055523593,unwrapped_469_mask.png
4662.85062,6805.79022,0,-76.6745055523593,unwrapped_470_mask.png
4670.65998,6799.16626,0,-76.6745055523593,unwrapped_471_mask.png
4681.6494,6761.88076,0,-76.6745055523593,unwrapped_472_mask.png
4662.09662,6804.090592,0,-76.6745055523593,unwrapped_473_mask.png
4664.44208,6785.83784,0,-76.6745055523593,unwrapped_474_mask.png
4664.7312,6789.94628,0,-76.6745055523593,unwrapped_475_mask.png
4658.57284,6800.47372,0,-76.6745055523593,unwrapped_476_mask.png
4652.40044,6804.94784,0,-76.6745055523593,unwrapped_477_mask.png
4651.95818,6800.5048,0,-76.6745055523593,unwrapped_478_mask.png
4646.79822,6795.02128,0,-76.6745055523593,unwrapped_479_mask.png
4656.90702,6773.132448,0,-76.6745055523593,unwrapped_480_mask.png
4656.822156,6772.295472,0,-76.6745055523593,unwrapped_481_mask.png
4653.03926,6777.599008,0,-76.6745055523593,unwrapped_482_mask.png
4661.3005,6755.3772,0,-76.6745055523593,unwrapped_483_mask.png
4666.58214,6744.015444,0,-76.6745055523593,unwrapped_484_mask.png
4655.89094,6752.66736,0,-76.6745055523593,unwrapped_485_mask.png
4676.916776,6716.698728,0,-76.6745055523593,unwrapped_486_mask.png
4672.266676,6716.543524,0,-76.6745055523593,unwrapped_487_mask.png
4672.673316,6715.81964,0,-76.6745055523593,unwrapped_488_mask.png
4669.354442,6714.971408,0,-76.6745055523593,unwrapped_489_mask.png
4671.05024,6711.36792,0,-76.6745055523593,unwrapped_490_mask.png
4671.050916,6702.01298,0,-76.6745055523593,unwrapped_491_mask.png
4655.067884,6730.88182,0,-76.6745055523593,unwrapped_492_mask.png
4653.795704,6730.21024,0,-76.6745055523593,unwrapped_493_mask.png
4673.38088,6693.758636,0,-76.6745055523593,unwrapped_494_mask.png
4675.524502,6694.77764,0,-76.6745055523593,unwrapped_495_mask.png
4697.32116,6656.966888,0,-76.6745055523593,unwrapped_496_mask.png
4672.32294,6701.802364,0,-76.6745055523593,unwrapped_497_mask.png
4672.76832,6698.533952,0,-76.6745055523593,unwrapped_498_mask.png
4674.965658,6673.94704,0,-76.6745055523593,unwrapped_499_mask.png
4670.430556,6693.71476,0,-76.6745055523593,unwrapped_500_mask.png
4669.505216,6683.57288,0,-76.6745055523593,unwrapped_501_mask.png
4676.8238,6671.1784,0,-76.6745055523593,unwrapped_502_mask.png
4683.68377,6656.65004,0,-76.6745055523593,unwrapped_503_mask.png
4662.12002,6682.57636,0,-76.6745055523593,unwrapped_504_mask.png
4664.41244,6672.566724,0,-76.6745055523593,unwrapped_505_mask.png
4659.92016,6672.74472,0,-76.6745055523593,unwrapped_506_mask.png
4682.36544,6636.36824,0,-76.6745055523593,unwrapped_507_mask.png
4686.62281,6616.612168,0,-76.6745055523593,unwrapped_508_mask.png
4658.080218,6666.188072,0,-76.6745055523593,unwrapped_509_mask.png
4667.4066,6640.473712,0,-76.6745055523593,unwrapped_510_mask.png
4667.52035,6637.536204,0,-76.6745055523593,unwrapped_511_mask.png
4678.75534,6611.50172,0,-76.6745055523593,unwrapped_512_mask.png
4670.15558,6626.04968,0,-76.6745055523593,unwrapped_513_mask.png
4684.08872,6597.89064,0,-76.6745055523593,unwrapped_514_mask.png
4683.58224,6594.282392,0,-76.6745055523593,unwrapped_515_mask.png
4682.5464,6597.023928,0,-76.6745055523593,unwrapped_516_mask.png
4675.263358,6601.098964,0,-76.6745055523593,unwrapped_517_mask.png
4692.62296,6562.1086,0,-76.6745055523593,unwrapped_518_mask.png
4689.85617,6564.68236,0,-76.6745055523593,unwrapped_519_mask.png
4712.72876,6519.364444,0,-160.921077751012,unwrapped_520_mask.png
4699.09748,6527.74882,0,-160.921077751012,unwrapped_521_mask.png
4693.625702,6539.842552,0,-160.921077751012,unwrapped_522_mask.png
4685.1399,6549.64636,0,-160.921077751012,unwrapped_523_mask.png
4669.9117,6568.97056,0,-160.921077751012,unwrapped_524_mask.png
4665.7465,6574.62656,0,-160.921077751012,unwrapped_525_mask.png
4680.77398,6534.03216,0,-160.921077751012,unwrapped_526_mask.png
4682.99646,6531.29446,0,-160.921077751012,unwrapped_527_mask.png
4687.46183,6507.6822,0,-160.921077751012,unwrapped_528_mask.png
4690.013002,6502.847552,0,-160.921077751012,unwrapped_529_mask.png
4686.90842,6500.79308,0,-160.921077751012,unwrapped_530_mask.png
4676.80846,6514.31778,0,-160.921077751012,unwrapped_531_mask.png
4673.6804,6510.91256,0,-160.921077751012,unwrapped_532_mask.png
4693.40036,6455.59548,0,-160.921077751012,unwrapped_533_mask.png
4674.11512,6490.148488,0,-160.921077751012,unwrapped_534_mask.png
4660.46174,6506.2402,0,-160.921077751012,unwrapped_535_mask.png
4651.882416,6512.243792,0,-160.921077751012,unwrapped_536_mask.png
4646.050824,6519.70456,0,-160.921077751012,unwrapped_537_mask.png
4658.93632,6490.859632,0,-160.921077751012,unwrapped_538_mask.png
4651.24682,6497.9522,0,-160.921077751012,unwrapped_539_mask.png
4648.90136,6480.484568,0,-160.921077751012,unwrapped_540_mask.png
4634.89646,6509.08192,0,-160.921077751012,unwrapped_541_mask.png
4646.63663,6479.925968,0,-160.921077751012,unwrapped_542_mask.png
4656.74218,6449.529756,0,-160.921077751012,unwrapped_543_mask.png
4650.166416,6460.21072,0,-160.921077751012,unwrapped_544_mask.png
4629.188316,6493.87148,0,-160.921077751012,unwrapped_545_mask.png
4629.61534,6489.43852,0,-160.921077751012,unwrapped_546_mask.png
4630.160144,6482.673524,0,-160.921077751012,unwrapped_547_mask.png
4654.10942,6424.00588,0,-160.921077751012,unwrapped_548_mask.png
4639.97192,6448.07972,0,-160.921077751012,unwrapped_549_mask.png
4625.92516,6464.43872,0,-160.921077751012,unwrapped_550_mask.png
4561.689924,6531.56452,0,-160.921077751012,unwrapped_551_mask.png
4564.70556,6512.5584,0,-160.921077751012,unwrapped_552_mask.png
4567.641298,6504.9452,0,-160.921077751012,unwrapped_553_mask.png
4576.68376,6480.119728,0,-160.921077751012,unwrapped_554_mask.png
4585.73878,6449.53796,0,-160.921077751012,unwrapped_555_mask.png
4578.53002,6460.173004,0,-160.921077751012,unwrapped_556_mask.png
4584.86362,6431.60284,0,-160.921077751012,unwrapped_557_mask.png
4597.55526,6405.942128,0,-160.921077751012,unwrapped_558_mask.png
4571.23806,6460.353436,0,-160.921077751012,unwrapped_559_mask.png
4580.9046,6436.91556,0,-160.921077751012,unwrapped_560_mask.png
4571.11872,6436.803,0,-160.921077751012,unwrapped_561_mask.png
4584.88286,6410.64624,0,-160.921077751012,unwrapped_562_mask.png
4578.22972,6415.58992,0,-160.921077751012,unwrapped_563_mask.png
4568.8419,6425.090432,0,-160.921077751012,unwrapped_564_mask.png
4543.487038,6460.82896,0,-88.5839361010487,unwrapped_565_mask.png
4583.89564,6396.256648,0,-88.5839361010487,unwrapped_566_mask.png
4577.53552,6387.4397,0,-88.5839361010487,unwrapped_567_mask.png
4580.48964,6386.26692,0,-88.5839361010487,unwrapped_568_mask.png
4563.4547,6405.57656,0,-88.5839361010487,unwrapped_569_mask.png
4556.754682,6407.548152,0,-88.5839361010487,unwrapped_570_mask.png
4557.92021,6392.277764,0,-88.5839361010487,unwrapped_571_mask.png
4553.57834,6395.7984,0,-88.5839361010487,unwrapped_572_mask.png
4551.60754,6398.040248,0,-88.5839361010487,unwrapped_573_mask.png
4578.63948,6346.76592,0,-88.5839361010487,unwrapped_574_mask.png
4571.34596,6343.53416,0,-88.5839361010487,unwrapped_575_mask.png
4591.7856,6304.01874,0,-88.5839361010487,unwrapped_576_mask.png
4573.730784,6325.40052,0,-88.5839361010487,unwrapped_577_mask.png
4574.13862,6324.79068,0,-88.5839361010487,unwrapped_578_mask.png
4572.54911,6325.68332,0,-88.5839361010487,unwrapped_579_mask.png
4558.05554,6360.36482,0,-88.5839361010487,unwrapped_580_mask.png
4570.569496,6329.01392,0,-88.5839361010487,unwrapped_581_mask.png
4576.47342,6298.99652,0,-88.5839361010487,unwrapped_582_mask.png
4581.46906,6278.94544,0,-88.5839361010487,unwrapped_583_mask.png
4562.82784,6312.61236,0,-88.5839361010487,unwrapped_584_mask.png
4579.04222,6281.79556,0,-88.5839361010487,unwrapped_585_mask.png
4572.50218,6289.4271,0,-88.5839361010487,unwrapped_586_mask.png
4586.4101,6256.411516,0,-88.5839361010487,unwrapped_587_mask.png
4583.93854,6252.36056,0,-88.5839361010487,unwrapped_588_mask.png
4578.39118,6260.40188,0,-88.5839361010487,unwrapped_589_mask.png
4565.43759,6273.12816,0,-88.5839361010487,unwrapped_590_mask.png
4566.734262,6269.70992,0,-88.5839361010487,unwrapped_591_mask.png
4566.83444,6265.53064,0,-88.5839361010487,unwrapped_592_mask.png
4574.3968,6262.777316,0,-88.5839361010487,unwrapped_593_mask.png
4568.257004,6248.87848,0,-88.5839361010487,unwrapped_594_mask.png
4566.895436,6250.16886,0,-88.5839361010487,unwrapped_595_mask.png
4569.14402,6248.384,0,-88.5839361010487,unwrapped_596_mask.png
4557.163636,6259.85434,0,-88.5839361010487,unwrapped_597_mask.png
4572.99176,6221.57876,0,-88.5839361010487,unwrapped_598_mask.png
4600.01798,6164.06144,0,-88.5839361010487,unwrapped_599_mask.png
4569.43028,6220.38008,0,-88.5839361010487,unwrapped_600_mask.png
4590.59012,6171.160644,0,-88.5839361010487,unwrapped_601_mask.png
4588.85839,6170.55184,0,-88.5839361010487,unwrapped_602_mask.png
4588.95199,6171.449436,0,-88.5839361010487,unwrapped_603_mask.png
4600.57412,6147.491796,0,-88.5839361010487,unwrapped_604_mask.png
4598.9707,6145.145368,0,-88.5839361010487,unwrapped_605_mask.png
4595.76386,6149.555424,0,-88.5839361010487,unwrapped_606_mask.png
4594.006078,6134.202856,0,-88.5839361010487,unwrapped_607_mask.png
4591.55381,6136.915608,0,-88.5839361010487,unwrapped_608_mask.png
4593.55906,6132.05072,0,-88.5839361010487,unwrapped_609_mask.png
4586.81492,6135.355924,0,-88.5839361010487,unwrapped_610_mask.png
4594.3583,6114.7498,0,-88.5839361010487,unwrapped_611_mask.png
4593.3781,6115.092016,0,-88.5839361010487,unwrapped_612_mask.png
4586.3698,6119.05606,0,-88.5839361010487,unwrapped_613_mask.png
4574.42566,6129.69872,0,-88.5839361010487,unwrapped_614_mask.png
4595.02767,6095.932036,0,-88.5839361010487,unwrapped_615_mask.png
4595.9066,6090.921744,0,-88.5839361010487,unwrapped_616_mask.png
4577.01708,6111.846872,0,-88.5839361010487,unwrapped_617_mask.png
4598.07292,6075.02158,0,-88.5839361010487,unwrapped_618_mask.png
4591.74348,6076.047136,0,-88.5839361010487,unwrapped_619_mask.png
4567.668884,6112.14916,0,-88.5839361010487,unwrapped_620_mask.png
4572.35892,6099.074364,0,-88.5839361010487,unwrapped_621_mask.png
4588.20462,6067.89824,0,-88.5839361010487,unwrapped_622_mask.png
4590.64732,6064.878664,0,-88.5839361010487,unwrapped_623_mask.png
4566.72264,6086.32308,0,-88.5839361010487,unwrapped_624_mask.png
4567.035056,6086.372724,0,-88.5839361010487,unwrapped_625_mask.png
4565.647436,6083.434488,0,-88.5839361010487,unwrapped_626_mask.png
4594.285656,6040.66292,0,-88.5839361010487,unwrapped_627_mask.png
4600.023024,6022.030152,0,-88.5839361010487,unwrapped_628_mask.png
4593.05908,6023.82974,0,-88.5839361010487,unwrapped_629_mask.png
4579.51464,6033.09956,0,-88.5839361010487,unwrapped_630_mask.png
4554.043584,6073.370924,0,-88.5839361010487,unwrapped_631_mask.png
4575.422916,6024.82164,0,-88.5839361010487,unwrapped_632_mask.png
4588.12662,6010.652716,0,-88.5839361010487,unwrapped_633_mask.png
4592.94676,5992.24658,0,-88.5839361010487,unwrapped_634_mask.png
4574.506416,6024.268248,0,-88.5839361010487,unwrapped_635_mask.png
4582.3294,5997.793016,0,-88.5839361010487,unwrapped_636_mask.png
4587.68059,5990.25522,0,-88.5839361010487,unwrapped_637_mask.png
4592.113096,5970.0262,0,-88.5839361010487,unwrapped_638_mask.png
4587.2746,5973.049976,0,-88.5839361010487,unwrapped_639_mask.png
4594.76065,5957.871288,0,-88.5839361010487,unwrapped_640_mask.png
4583.859604,5974.12666,0,-88.5839361010487,unwrapped_641_mask.png
4590.26668,5955.993496,0,-88.5839361010487,unwrapped_642_mask.png
4568.942,5987.663204,0,-88.5839361010487,unwrapped_643_mask.png
4565.75648,5992.7048,0,-88.5839361010487,unwrapped_644_mask.png
4586.70988,5957.028992,0,-88.5839361010487,unwrapped_645_mask.png
4565.3241,5973.94788,0,-88.5839361010487,unwrapped_646_mask.png
4565.49726,5971.477664,0,-88.5839361010487,unwrapped_647_mask.png
4561.47792,5974.869024,0,-88.5839361010487,unwrapped_648_mask.png
4569.86747,5953.370848,0,-88.5839361010487,unwrapped_649_mask.png
4574.84101,5948.430248,0,-88.5839361010487,unwrapped_650_mask.png
4586.24058,5917.586316,0,-88.5839361010487,unwrapped_651_mask.png
4597.61168,5897.393276,0,-88.5839361010487,unwrapped_652_mask.png
4585.65168,5903.086236,0,-88.5839361010487,unwrapped_653_mask.png
4592.846738,5894.79524,0,-88.5839361010487,unwrapped_654_mask.png
4562.94276,5942.041236,0,-88.5839361010487,unwrapped_655_mask.png
4569.57718,5926.2363,0,-88.5839361010487,unwrapped_656_mask.png
4561.89509,5922.277352,0,-88.5839361010487,unwrapped_657_mask.png
4570.8166,5902.88556,0,-88.5839361010487,unwrapped_658_mask.png
4581.35986,5888.415608,0,-88.5839361010487,unwrapped_659_mask.png
4570.41204,5901.22628,0,-88.5839361010487,unwrapped_660_mask.png
4560.88694,5911.261004,0,-88.5839361010487,unwrapped_661_mask.png
4577.652,5877.870472,0,-88.5839361010487,unwrapped_662_mask.png
4579.71302,5874.80716,0,-88.5839361010487,unwrapped_663_mask.png
4580.08872,5858.85024,0,-88.5839361010487,unwrapped_664_mask.png
4567.79969,5890.46924,0,-88.5839361010487,unwrapped_665_mask.png
4588.00572,5840.976776,0,-88.5839361010487,unwrapped_666_mask.png
4562.69004,5877.422024,0,-88.5839361010487,unwrapped_667_mask.png
4575.83356,5845.984044,0,-88.5839361010487,unwrapped_668_mask.png
4583.80854,5826.568816,0,-88.5839361010487,unwrapped_669_mask.png
4570.32169,5852.58776,0,-88.5839361010487,unwrapped_670_mask.png
4580.50576,5828.47122,0,-88.5839361010487,unwrapped_671_mask.png
4582.394036,5821.566364,0,-88.5839361010487,unwrapped_672_mask.png
4589.59146,5802.764952,0,-88.5839361010487,unwrapped_673_mask.png
4584.42448,5809.092952,0,-88.5839361010487,unwrapped_674_mask.png
4575.59059,5821.112904,0,-88.5839361010487,unwrapped_675_mask.png
4562.700336,5828.97536,0,-88.5839361010487,unwrapped_676_mask.png
4559.99592,5829.63924,0,-88.5839361010487,unwrapped_677_mask.png
4581.46074,5799.040056,0,-88.5839361010487,unwrapped_678_mask.png
4578.7037,5792.66412,0,-88.5839361010487,unwrapped_679_mask.png
4587.03761,5769.226216,0,-88.5839361010487,unwrapped_680_mask.png
4563.33536,5807.483344,0,-88.5839361010487,unwrapped_681_mask.png
4569.8026,5786.780004,0,-88.5839361010487,unwrapped_682_mask.png
4584.31892,5761.525096,0,-88.5839361010487,unwrapped_683_mask.png
4579.94052,5771.03104,0,-88.5839361010487,unwrapped_684_mask.png
4573.83884,5771.202792,0,-88.5839361010487,unwrapped_685_mask.png
4586.523564,5736.332768,0,-88.5839361010487,unwrapped_686_mask.png
4576.41674,5748.546088,0,-88.5839361010487,unwrapped_687_mask.png
4583.32832,5730.508684,0,-88.5839361010487,unwrapped_688_mask.png
4551.527304,5788.45432,0,-88.5839361010487,unwrapped_689_mask.png
4588.03328,5724.382312,0,-88.5839361010487,unwrapped_690_mask.png
4577.13824,5732.974,0,-88.5839361010487,unwrapped_691_mask.png
4578.79977,5749.601016,0,-88.5839361010487,unwrapped_692_mask.png
4586.3152,5729.171376,0,-88.5839361010487,unwrapped_693_mask.png
4585.068058,5712.5158,0,-88.5839361010487,unwrapped_694_mask.png
4566.77919,5742.446792,0,-88.5839361010487,unwrapped_695_mask.png
4586.08276,5717.863968,0,-88.5839361010487,unwrapped_696_mask.png
4586.083436,5714.892944,0,-88.5839361010487,unwrapped_697_mask.png
4589.73732,5689.513688,0,-88.5839361010487,unwrapped_698_mask.png
4604.54484,5660.56992,0,-88.5839361010487,unwrapped_699_mask.png
4611.385596,5626.74536,0,-88.5839361010487,unwrapped_700_mask.png
4593.102136,5662.256556,0,-88.5839361010487,unwrapped_701_mask.png
4574.5424,5681.095432,0,-88.5839361010487,unwrapped_702_mask.png
4571.5251,5691.52658,0,-88.5839361010487,unwrapped_703_mask.png
4579.967482,5671.64196,0,-88.5839361010487,unwrapped_704_mask.png
4577.23639,5675.542556,0,-88.5839361010487,unwrapped_705_mask.png
4582.493824,5648.877904,0,-88.5839361010487,unwrapped_706_mask.png
4577.421744,5653.37476,0,-88.5839361010487,unwrapped_707_mask.png
4571.471124,5663.416288,0,-88.5839361010487,unwrapped_708_mask.png
4566.34265,5663.364712,0,-88.5839361010487,unwrapped_709_mask.png
4576.23084,5641.64276,0,-88.5839361010487,unwrapped_710_mask.png
4583.21626,5621.374512,0,-88.5839361010487,unwrapped_711_mask.png
4568.695884,5636.130876,0,-88.5839361010487,unwrapped_712_mask.png
4564.627404,5635.144352,0,-88.5839361010487,unwrapped_713_mask.png
4569.248358,5624.078444,0,-88.5839361010487,unwrapped_714_mask.png
4579.23852,5603.535488,0,-88.5839361010487,unwrapped_715_mask.png
4565.6712,5610.170424,0,-88.5839361010487,unwrapped_716_mask.png
4549.19708,5639.510952,0,-88.5839361010487,unwrapped_717_mask.png
4572.5313,5591.980756,0,-88.5839361010487,unwrapped_718_mask.png
4567.308576,5593.901528,0,-88.5839361010487,unwrapped_719_mask.png
4566.759976,5593.22852,0,-88.5839361010487,unwrapped_720_mask.png
4560.973624,5600.16972,0,-88.5839361010487,unwrapped_721_mask.png
4555.75922,5599.432004,0,-88.5839361010487,unwrapped_722_mask.png
4562.39988,5577.812784,0,-88.5839361010487,unwrapped_723_mask.png
4559.87658,5580.02624,0,-88.5839361010487,unwrapped_724_mask.png
4552.29238,5588.100656,0,-88.5839361010487,unwrapped_725_mask.png
4561.602824,5561.40372,0,-88.5839361010487,unwrapped_726_mask.png
4573.2853,5536.901116,0,-88.5839361010487,unwrapped_727_mask.png
4570.15802,5541.797112,0,-88.5839361010487,unwrapped_728_mask.png
4567.14488,5547.009676,0,-88.5839361010487,unwrapped_729_mask.png
4562.278044,5548.146392,0,-88.5839361010487,unwrapped_730_mask.png
4575.191698,5521.016996,0,-88.5839361010487,unwrapped_731_mask.png
4575.46124,5517.281096,0,-88.5839361010487,unwrapped_732_mask.png
4565.32462,5524.599036,0,-88.5839361010487,unwrapped_733_mask.png
4572.21332,5499.753824,0,-88.5839361010487,unwrapped_734_mask.png
4566.46849,5509.885568,0,-88.5839361010487,unwrapped_735_mask.png
4561.188436,5515.684592,0,-88.5839361010487,unwrapped_736_mask.png
4556.450924,5523.395064,0,-88.5839361010487,unwrapped_737_mask.png
4569.66246,5494.621844,0,-88.5839361010487,unwrapped_738_mask.png
4560.851658,5500.386848,0,-88.5839361010487,unwrapped_739_mask.png
4552.894176,5508.486688,0,-88.5839361010487,unwrapped_740_mask.png
4547.44728,5510.361232,0,-88.5839361010487,unwrapped_741_mask.png
4548.08012,5507.103376,0,-88.5839361010487,unwrapped_742_mask.png
4552.73334,5493.995764,0,-88.5839361010487,unwrapped_743_mask.png
4569.7727,5460.604616,0,-88.5839361010487,unwrapped_744_mask.png
4573.52606,5440.99434,0,-88.5839361010487,unwrapped_745_mask.png
4564.613,5450.355804,0,-88.5839361010487,unwrapped_746_mask.png
4540.853758,5488.805488,0,-88.5839361010487,unwrapped_747_mask.png
4540.19458,5487.96406,0,-88.5839361010487,unwrapped_748_mask.png
4538.67566,5481.59434,0,-88.5839361010487,unwrapped_749_mask.png
4536.263016,5474.818928,0,-88.5839361010487,unwrapped_750_mask.png
4545.82748,5456.986204,0,-88.5839361010487,unwrapped_751_mask.png
4559.400364,5427.464908,0,-88.5839361010487,unwrapped_752_mask.png
4551.61898,5433.172064,0,-88.5839361010487,unwrapped_753_mask.png
4552.807544,5429.831552,0,-88.5839361010487,unwrapped_754_mask.png
4559.60046,5411.0272,0,-88.5839361010487,unwrapped_755_mask.png
4557.42153,5411.812152,0,-88.5839361010487,unwrapped_756_mask.png
4575.940836,5384.339504,0,-88.5839361010487,unwrapped_757_mask.png
4560.983244,5393.712896,0,-88.5839361010487,unwrapped_758_mask.png
4558.61805,5397.8483,0,-88.5839361010487,unwrapped_759_mask.png
4561.98674,5379.369056,0,-88.5839361010487,unwrapped_760_mask.png
4559.69692,5379.25,0,-88.5839361010487,unwrapped_761_mask.png
4549.65494,5385.47272,0,-88.5839361010487,unwrapped_762_mask.png
4547.936756,5375.312192,0,-88.5839361010487,unwrapped_763_mask.png
4553.95274,5371.901148,0,-88.5839361010487,unwrapped_764_mask.png
4548.16085,5372.18168,0,-88.5839361010487,unwrapped_765_mask.png
4556.55638,5352.376468,0,-88.5839361010487,unwrapped_766_mask.png
4551.27409,5348.942884,0,-88.5839361010487,unwrapped_767_mask.png
4561.39732,5332.704452,0,-88.5839361010487,unwrapped_768_mask.png
4555.24026,5341.095156,0,-88.5839361010487,unwrapped_769_mask.png
4550.68012,5339.622048,0,-88.5839361010487,unwrapped_770_mask.png
4554.34586,5336.618432,0,-88.5839361010487,unwrapped_771_mask.png
4560.38722,5318.285264,0,-88.5839361010487,unwrapped_772_mask.png
4551.65655,5327.253944,0,-88.5839361010487,unwrapped_773_mask.png
4544.380918,5332.902132,0,-88.5839361010487,unwrapped_774_mask.png
4556.10944,5311.851536,0,-88.5839361010487,unwrapped_775_mask.png
4564.37718,5291.56954,0,-88.5839361010487,unwrapped_776_mask.png
4548.99103,5313.259404,0,-88.5839361010487,unwrapped_777_mask.png
4559.04042,5291.331596,0,-88.5839361010487,unwrapped_778_mask.png
4568.09596,5264.238684,0,-88.5839361010487,unwrapped_779_mask.png
4584.53966,5245.984728,0,-88.5839361010487,unwrapped_780_mask.png
4581.48596,5239.658632,0,-88.5839361010487,unwrapped_781_mask.png
4553.91478,5271.067772,0,-88.5839361010487,unwrapped_782_mask.png
4565.90858,5248.866152,0,-88.5839361010487,unwrapped_783_mask.png
4563.83664,5248.367696,0,-88.5839361010487,unwrapped_784_mask.png
4558.944116,5253.786032,0,-88.5839361010487,unwrapped_785_mask.png
4551.18296,5263.435504,0,-88.5839361010487,unwrapped_786_mask.png
4548.39654,5261.56208,0,-88.5839361010487,unwrapped_787_mask.png
4555.22401,5248.393568,0,-88.5839361010487,unwrapped_788_mask.png
4566.77906,5222.719864,0,-88.5839361010487,unwrapped_789_mask.png
4568.35986,5219.579104,0,-88.5839361010487,unwrapped_790_mask.png
4561.98518,5219.757884,0,-88.5839361010487,unwrapped_791_mask.png
4580.34248,5192.555128,0,-88.5839361010487,unwrapped_792_mask.png
4568.84164,5198.173048,0,-88.5839361010487,unwrapped_793_mask.png
4558.576216,5206.208936,0,-88.5839361010487,unwrapped_794_mask.png
4565.09192,5187.47016,0,-88.5839361010487,unwrapped_795_mask.png
4558.67213,5194.494604,0,-88.5839361010487,unwrapped_796_mask.png
4555.080516,5198.562976,0,-88.5839361010487,unwrapped_797_mask.png
4551.19206,5204.187168,0,-88.5839361010487,unwrapped_798_mask.png
4564.361944,5181.37204,0,-88.5839361010487,unwrapped_799_mask.png
4570.31844,5154.945164,0,-88.5839361010487,unwrapped_800_mask.png
4577.40422,5154.00932,0,-88.5839361010487,unwrapped_801_mask.png
4560.10772,5165.034376,0,-88.5839361010487,unwrapped_802_mask.png
4568.76286,5148.0080688,0,-88.5839361010487,unwrapped_803_mask.png
4573.85886,5143.203658,0,-88.5839361010487,unwrapped_804_mask.png
4574.922,5127.984804,0,-88.5839361010487,unwrapped_805_mask.png
4576.15778,5127.075672,0,-88.5839361010487,unwrapped_806_mask.png
4586.413844,5108.700924,0,-88.5839361010487,unwrapped_807_mask.png
4568.9277,5116.509312,0,-88.5839361010487,unwrapped_808_mask.png
4565.766776,5120.556628,0,-88.5839361010487,unwrapped_809_mask.png
4565.89896,5112.755912,0,-88.5839361010487,unwrapped_810_mask.png
4562.77662,5111.415902,0,-88.5839361010487,unwrapped_811_mask.png
4562.16484,5114.727392,0,-88.5839361010487,unwrapped_812_mask.png
4564.24562,5116.920324,0,-88.5839361010487,unwrapped_813_mask.png
4571.51964,5100.030556,0,-88.5839361010487,unwrapped_814_mask.png
4559.76556,5102.806616,0,-88.5839361010487,unwrapped_815_mask.png
4556.496502,5104.881696,0,-88.5839361010487,unwrapped_816_mask.png
4564.316678,5084.984728,0,-88.5839361010487,unwrapped_817_mask.png
4600.60402,5033.221548,0,-88.5839361010487,unwrapped_818_mask.png
4590.85636,5041.6764,0,-88.5839361010487,unwrapped_819_mask.png
4568.743464,5069.6267,0,-88.5839361010487,unwrapped_820_mask.png
4575.60112,5050.7144752,0,-88.5839361010487,unwrapped_821_mask.png
4565.90871,5055.721816,0,-88.5839361010487,unwrapped_822_mask.png
4564.090738,5057.825652,0,-88.5839361010487,unwrapped_823_mask.png
4571.84152,5039.633044,0,-88.5839361010487,unwrapped_824_mask.png
4576.1141,5023.535144,0,-88.5839361010487,unwrapped_825_mask.png
4575.762918,5022.95966,0,-88.5839361010487,unwrapped_826_mask.png
4585.90817,5006.043544,0,-88.5839361010487,unwrapped_827_mask.png
4576.76462,5010.70126,0,-88.5839361010487,unwrapped_828_mask.png
4584.806784,4989.7669648,0,-88.5839361010487,unwrapped_829_mask.png
4588.82693,4976.836352,0,-88.5839361010487,unwrapped_830_mask.png
4568.50182,5006.676288,0,-88.5839361010487,unwrapped_831_mask.png
4590.75002,4973.7354724,0,-88.5839361010487,unwrapped_832_mask.png
4598.1491,4957.4719356,0,-88.5839361010487,unwrapped_833_mask.png
4612.90644,4934.2526752,0,-88.5839361010487,unwrapped_834_mask.png
4583.90266,4962.9541312,0,-88.5839361010487,unwrapped_835_mask.png
4589.33692,4953.2150396,0,-88.5839361010487,unwrapped_836_mask.png
4590.6494,4950.272934,0,-88.5839361010487,unwrapped_837_mask.png
4587.96204,4947.9075808,0,-88.5839361010487,unwrapped_838_mask.png
4591.53964,4938.6658084,0,-88.5839361010487,unwrapped_839_mask.png
4596.06702,4928.973852,0,-88.5839361010487,unwrapped_840_mask.png
4587.010804,4931.8729804,0,-88.5839361010487,unwrapped_841_mask.png
4603.50146,4908.070368,0,-88.5839361010487,unwrapped_842_mask.png
4583.7893,4930.6513432,0,-88.5839361010487,unwrapped_843_mask.png
4593.77434,4909.534488,0,-88.5839361010487,unwrapped_844_mask.png
4598.758462,4897.7887764,0,-88.5839361010487,unwrapped_845_mask.png
4587.51523,4902.3048796,0,-88.5839361010487,unwrapped_846_mask.png
4596.8088,4886.9652112,0,-88.5839361010487,unwrapped_847_mask.png
4591.22712,4893.809828,0,-88.5839361010487,unwrapped_848_mask.png
4587.48455,4895.6662728,0,-88.5839361010487,unwrapped_849_mask.png
4594.31371,4879.782654,0,-88.5839361010487,unwrapped_850_mask.png
4591.35621,4882.9848964,0,-88.5839361010487,unwrapped_851_mask.png
4595.652658,4870.202146,0,-88.5839361010487,unwrapped_852_mask.png
4608.02416,4848.00306,0,-88.5839361010487,unwrapped_853_mask.png
4605.55338,4848.3767704,0,-88.5839361010487,unwrapped_854_mask.png
4611.47267,4843.9230064,0,-88.5839361010487,unwrapped_855_mask.png
4613.6945,4826.7531824,0,-88.5839361010487,unwrapped_856_mask.png
4613.141116,4828.8681484,0,-88.5839361010487,unwrapped_857_mask.png
4612.6324,4817.9555572,0,-88.5839361010487,unwrapped_858_mask.png
4601.77506,4821.4645816,0,-88.5839361010487,unwrapped_859_mask.png
4607.94798,4806.21610136,0,-88.5839361010487,unwrapped_860_mask.png
4612.53828,4801.9326776,0,-88.5839361010487,unwrapped_861_mask.png
4619.49406,4785.4846096,0,-88.5839361010487,unwrapped_862_mask.png
4615.248416,4787.925644,0,-88.5839361010487,unwrapped_863_mask.png
4607.48362,4793.42228704,0,-88.5839361010487,unwrapped_864_mask.png
4615.44482,4778.5644502,0,-88.5839361010487,unwrapped_865_mask.png
4598.707476,4797.7298496,0,-88.5839361010487,unwrapped_866_mask.png
4609.426418,4780.10709956,0,-88.5839361010487,unwrapped_867_mask.png
4611.72591,4777.7404396,0,-88.5839361010487,unwrapped_868_mask.png
4638.20769,4736.4858528,0,-88.5839361010487,unwrapped_869_mask.png
4637.6717,4735.6108528,0,-88.5839361010487,unwrapped_870_mask.png
4615.77398,4758.0307552,0,-88.5839361010487,unwrapped_871_mask.png
4623.793264,4740.108014,0,-88.5839361010487,unwrapped_872_mask.png
4624.334116,4739.9284528,0,-88.5839361010487,unwrapped_873_mask.png
4618.3927,4747.9253872,0,-88.5839361010487,unwrapped_874_mask.png
4620.255262,4732.397136,0,-88.5839361010487,unwrapped_875_mask.png
4615.44482,4739.8081648,0,-88.5839361010487,unwrapped_876_mask.png
4607.95084,4743.5222192,0,-88.5839361010487,unwrapped_877_mask.png
4616.278198,4727.0924296,0,-88.5839361010487,unwrapped_878_mask.png
4617.968016,4724.85794,0,-88.5839361010487,unwrapped_879_mask.png
4621.25348,4712.211964,0,-88.5839361010487,unwrapped_880_mask.png
4606.654896,4735.858174,0,-88.5839361010487,unwrapped_881_mask.png
4630.50974,4709.157374,0,-88.5839361010487,unwrapped_882_mask.png
4623.58932,4712.8994956,0,-88.5839361010487,unwrapped_883_mask.png
4618.12152,4722.2716836,0,-88.5839361010487,unwrapped_884_mask.png
4615.78932,4724.0509464,0,-88.5839361010487,unwrapped_885_mask.png
4628.77398,4704.6564888,0,-88.5839361010487,unwrapped_886_mask.png
4626.450256,4705.848908,0,-88.5839361010487,unwrapped_887_mask.png
4626.84244,4704.847068,0,-88.5839361010487,unwrapped_888_mask.png
4621.229404,4707.296284,0,-88.5839361010487,unwrapped_889_mask.png
4623.97958,4692.0198592,0,-88.5839361010487,unwrapped_890_mask.png
4615.67206,4704.66546,0,-88.5839361010487,unwrapped_891_mask.png
4609.84104,4692.8564544,0,-88.5839361010487,unwrapped_892_mask.png
4617.38689,4677.9952976,0,-88.5839361010487,unwrapped_893_mask.png
4618.942184,4674.73934,0,-88.5839361010487,unwrapped_894_mask.png
4619.95114,4668.6676184,0,-88.5839361010487,unwrapped_895_mask.png
4614.17212,4667.598794,0,-88.5839361010487,unwrapped_896_mask.png
4610.492158,4670.6995,0,-88.5839361010487,unwrapped_897_mask.png
4620.62792,4648.5268964,0,-88.5839361010487,unwrapped_898_mask.png
4621.574996,4641.0625556,0,-88.5839361010487,unwrapped_899_mask.png
4605.67935,4653.103124,0,-88.5839361010487,unwrapped_900_mask.png
4599.92152,4655.913176,0,-88.5839361010487,unwrapped_901_mask.png
4619.631496,4618.318724,0,-88.5839361010487,unwrapped_902_mask.png
4615.73836,4625.3381448,0,-88.5839361010487,unwrapped_903_mask.png
4611.89842,4625.879844,0,-88.5839361010487,unwrapped_904_mask.png
4596.71234,4633.2194504,0,-88.5839361010487,unwrapped_905_mask.png
4603.808,4618.38486,0,-88.5839361010487,unwrapped_906_mask.png
4593.161182,4621.941056,0,-88.5839361010487,unwrapped_907_mask.png
4600.83958,4608.731146,0,-88.5839361010487,unwrapped_908_mask.png
4610.76378,4597.091868,0,-88.5839361010487,unwrapped_909_mask.png
4614.65754,4581.86222,0,-88.5839361010487,unwrapped_910_mask.png
4609.02815,4585.896236,0,-88.5839361010487,unwrapped_911_mask.png
4606.82452,4582.422444,0,-88.5839361010487,unwrapped_912_mask.png
4621.23359,4555.274456,0,-88.5839361010487,unwrapped_913_mask.png
4603.30984,4572.973144,0,-88.5839361010487,unwrapped_914_mask.png
4599.490076,4566.220076,0,-88.5839361010487,unwrapped_915_mask.png
4599.035856,4567.705448,0,-88.5839361010487,unwrapped_916_mask.png
4607.28446,4550.728544,0,-88.5839361010487,unwrapped_917_mask.png
4600.75118,4555.468888,0,-88.5839361010487,unwrapped_918_mask.png
4612.509602,4533.699784,0,-88.5839361010487,unwrapped_919_mask.png
4604.414164,4537.649184,0,-88.5839361010487,unwrapped_920_mask.png
4613.33791,4524.575312,0,-88.5839361010487,unwrapped_921_mask.png
4615.16597,4514.5953112,0,-88.5839361010487,unwrapped_922_mask.png
4610.927476,4517.942616,0,-88.5839361010487,unwrapped_923_mask.png
4609.484242,4506.56924,0,-88.5839361010487,unwrapped_924_mask.png
4598.94574,4511.300792,0,-88.5839361010487,unwrapped_925_mask.png
4595.936422,4509.732036,0,-88.5839361010487,unwrapped_926_mask.png
4610.530456,4490.047616,0,-88.5839361010487,unwrapped_927_mask.png
4592.10046,4502.838912,0,-88.5839361010487,unwrapped_928_mask.png
4604.05604,4490.405092,0,-88.5839361010487,unwrapped_929_mask.png
4613.90328,4466.403016,0,-88.5839361010487,unwrapped_930_mask.png
4614.49244,4470.540296,0,-88.5839361010487,unwrapped_931_mask.png
4608.4009,4472.451366,0,-88.5839361010487,unwrapped_932_mask.png
4610.0181,4454.65542,0,-88.5839361010487,unwrapped_933_mask.png
4612.61823,4455.194672,0,-88.5839361010487,unwrapped_934_mask.png
4605.722744,4448.28584,0,-88.5839361010487,unwrapped_935_mask.png
4597.48714,4447.015788,0,-88.5839361010487,unwrapped_936_mask.png
4607.23584,4439.730188,0,-88.5839361010487,unwrapped_937_mask.png
4600.1771,4441.985784,0,-88.5839361010487,unwrapped_938_mask.png
4605.08356,4429.270928,0,-88.5839361010487,unwrapped_939_mask.png
4604.34087,4430.848952,0,-88.5839361010487,unwrapped_940_mask.png
4605.29676,4414.731788,0,-88.5839361010487,unwrapped_941_mask.png
4616.8964,4397.107216,0,-88.5839361010487,unwrapped_942_mask.png
4609.135244,4402.271284,0,-88.5839361010487,unwrapped_943_mask.png
4607.65548,4401.183456,0,-88.5839361010487,unwrapped_944_mask.png
4614.25844,4385.845112,0,-88.5839361010487,unwrapped_945_mask.png
4603.355236,4391.515644,0,-88.5839361010487,unwrapped_946_mask.png
4616.9406,4374.25692,0,-88.5839361010487,unwrapped_947_mask.png
4594.99634,4393.441176,0,-88.5839361010487,unwrapped_948_mask.png
4609.53645,4372.325228,0,-88.5839361010487,unwrapped_949_mask.png
4593.03022,4388.526924,0,-88.5839361010487,unwrapped_950_mask.png
4580.82504,4400.015212,0,-88.5839361010487,unwrapped_951_mask.png
4599.848382,4365.775524,0,-88.5839361010487,unwrapped_952_mask.png
4586.845756,4377.079068,0,-88.5839361010487,unwrapped_953_mask.png
4597.748804,4362.101336,0,-88.5839361010487,unwrapped_954_mask.png
4601.77116,4348.196396,0,-88.5839361010487,unwrapped_955_mask.png
4590.99364,4358.26528,0,-88.5839361010487,unwrapped_956_mask.png
4596.13514,4343.831504,0,-88.5839361010487,unwrapped_957_mask.png
4590.576704,4345.665924,0,-88.5839361010487,unwrapped_958_mask.png
4596.853702,4334.01308,0,-88.5839361010487,unwrapped_959_mask.png
4604.284918,4312.894472,0,-88.5839361010487,unwrapped_960_mask.png
4601.37336,4315.8149,0,-88.5839361010487,unwrapped_961_mask.png
4605.394,4302.923252,0,-88.5839361010487,unwrapped_962_mask.png
4598.863216,4307.889612,0,-88.5839361010487,unwrapped_963_mask.png
4596.5267,4300.500132,0,-88.5839361010487,unwrapped_964_mask.png
4588.95108,4304.757728,0,-88.5839361010487,unwrapped_965_mask.png
4590.21208,4290.767052,0,-88.5839361010487,unwrapped_966_mask.png
4592.401202,4288.342504,0,-88.5839361010487,unwrapped_967_mask.png
4597.28928,4281.90298,0,-88.5839361010487,unwrapped_968_mask.png
4591.586804,4284.800924,0,-88.5839361010487,unwrapped_969_mask.png
4595.22293,4275.273112,0,-88.5839361010487,unwrapped_970_mask.png
4600.857,4255.710716,0,-88.5839361010487,unwrapped_971_mask.png
4594.82734,4259.921804,0,-88.5839361010487,unwrapped_972_mask.png
4596.22848,4251.1965,0,-88.5839361010487,unwrapped_973_mask.png
4598.17926,4247.07126,0,-88.5839361010487,unwrapped_974_mask.png
4595.68196,4241.944292,0,-88.5839361010487,unwrapped_975_mask.png
4595.55248,4243.852884,0,-88.5839361010487,unwrapped_976_mask.png
4590.21676,4229.81388,0,-88.5839361010487,unwrapped_977_mask.png
4583.8283,4237.549636,0,-88.5839361010487,unwrapped_978_mask.png
4603.94944,4204.754272,0,-88.5839361010487,unwrapped_979_mask.png
4577.749682,4225.831356,0,-88.5839361010487,unwrapped_980_mask.png
4603.01266,4195.547424,0,-88.5839361010487,unwrapped_981_mask.png
4600.135084,4195.154248,0,-88.5839361010487,unwrapped_982_mask.png
4582.148856,4201.530408,0,-88.5839361010487,unwrapped_983_mask.png
4585.85006,4193.425836,0,-88.5839361010487,unwrapped_984_mask.png
4585.7159,4197.202,0,-88.5839361010487,unwrapped_985_mask.png
4592.28584,4181.52718,0,-88.5839361010487,unwrapped_986_mask.png
4592.921436,4163.887348,0,-88.5839361010487,unwrapped_987_mask.png
4580.13019,4186.345112,0,-88.5839361010487,unwrapped_988_mask.png
4600.44438,4154.26288,0,-88.5839361010487,unwrapped_989_mask.png
4599.7559,4144.18022,0,-88.5839361010487,unwrapped_990_mask.png
4587.13602,4158.649052,0,-88.5839361010487,unwrapped_991_mask.png
4608.208656,4128.066388,0,-88.5839361010487,unwrapped_992_mask.png
4596.6762,4130.360876,0,-88.5839361010487,unwrapped_993_mask.png
4596.59456,4124.128552,0,-88.5839361010487,unwrapped_994_mask.png
4595.82652,4127.2517,0,-88.5839361010487,unwrapped_995_mask.png
4601.87698,4112.333188,0,-88.5839361010487,unwrapped_996_mask.png
4602.02778,4108.208788,0,-88.5839361010487,unwrapped_997_mask.png
4603.0891,4100.106512,0,-88.5839361010487,unwrapped_998_mask.png
4604.08932,4086.86618,0,-88.5839361010487,unwrapped_999_mask.png
4606.25538,4083.487448,0,-88.5839361010487,unwrapped_1000_mask.png
4608.16118,4069.391324,0,-88.5839361010487,unwrapped_1001_mask.png
4594.573736,4075.86526,0,-88.5839361010487,unwrapped_1002_mask.png
4602.776736,4060.53932,0,-88.5839361010487,unwrapped_1003_mask.png
4613.8271,4051.538524,0,-88.5839361010487,unwrapped_1004_mask.png
4597.328384,4072.879564,0,-88.5839361010487,unwrapped_1005_mask.png
4603.352142,4039.10252,0,-88.5839361010487,unwrapped_1006_mask.png
